customer_id,customer_name,age,city,segment,signup_date
C00001,Customer 0001,56.0,Nairobi,Wholesale,2025-11-17
C00002,Customer 0002,69.0,Nairobi,Business,2024-12-30
C00003,Customer 0003,46.0,Nairobi,Consumer,2024-06-11
C00004,Customer 0004,32.0,Nairobi,Business,2024-02-17
C00005,Customer 0005,60.0,Mombasa,Business,2025-05-25
C00006,Customer 0006,25.0,Eldoret,Business,2024-11-24
C00007,Customer 0007,38.0,Kisumu,Consumer,2024-04-25
C00008,Customer 0008,56.0,Kisumu,Wholesale,2024-12-02
C00009,Customer 0009,36.0,Kisumu,Wholesale,2024-05-26
C00010,Customer 0010,40.0,Kisumu,Consumer,2025-07-28
C00011,Customer 0011,28.0,Mombasa,Business,2024-11-18
C00012,Customer 0012,,Nakuru,Consumer,2025-03-18
C00013,Customer 0013,41.0,Eldoret,Consumer,2024-01-13
C00014,Customer 0014,70.0,Nairobi,Consumer,2025-05-08
C00015,Customer 0015,53.0,Nakuru,Business,2025-12-01
C00016,Customer 0016,57.0,Kisumu,Consumer,2024-10-13
C00017,Customer 0017,41.0,Nakuru,Business,2025-12-20
C00018,Customer 0018,20.0,Eldoret,Consumer,2024-04-23
C00019,Customer 0019,39.0,Nairobi,Wholesale,2025-04-24
C00020,Customer 0020,70.0,Nairobi,Consumer,2024-01-22
C00021,Customer 0021,19.0,Eldoret,Consumer,2024-12-14
C00022,Customer 0022,41.0,Eldoret,Wholesale,2025-12-26
C00023,Customer 0023,61.0,Kisumu,Business,2025-11-13
C00024,Customer 0024,47.0,Nairobi,Business,2025-07-19
C00025,Customer 0025,55.0,Nakuru,Consumer,2024-11-15
C00026,Customer 0026,19.0,Mombasa,Wholesale,2024-05-05
C00027,Customer 0027,38.0,Mombasa,Business,2024-10-03
C00028,Customer 0028,50.0,Eldoret,Consumer,2024-07-22
C00029,Customer 0029,29.0,Kisumu,Wholesale,2024-07-12
C00030,Customer 0030,39.0,Mombasa,Business,2025-11-11
C00031,Customer 0031,61.0,Nairobi,Business,2025-10-25
C00032,Customer 0032,42.0,Eldoret,Wholesale,2025-06-30
C00033,Customer 0033,66.0,Nakuru,Wholesale,2025-11-26
C00034,Customer 0034,44.0,Eldoret,Wholesale,2024-10-12
C00035,Customer 0035,-4.0,Nakuru,Wholesale,2024-02-26
C00036,Customer 0036,45.0,Eldoret,Consumer,2024-10-29
C00037,Customer 0037,33.0,Eldoret,Wholesale,2024-06-11
C00038,Customer 0038,32.0,Eldoret,Business,2024-01-19
C00039,Customer 0039,64.0,Nakuru,Business,2025-01-04
C00040,Customer 0040,68.0,Nakuru,Consumer,2024-09-20
C00041,Customer 0041,61.0,Eldoret,Business,2024-04-22
C00042,Customer 0042,69.0,Mombasa,Business,2025-05-02
C00043,Customer 0043,20.0,Kisumu,Wholesale,2024-11-22
C00044,Customer 0044,54.0,Kisumu,Business,2025-06-25
C00045,Customer 0045,68.0,Kisumu,Consumer,2025-10-08
C00046,Customer 0046,24.0,Nakuru,Wholesale,2025-08-01
C00047,Customer 0047,38.0,Nakuru,Wholesale,2024-03-05
C00048,Customer 0048,26.0,Mombasa,Consumer,2024-10-18
C00049,Customer 0049,56.0,Kisumu,Wholesale,2024-01-25
C00050,Customer 0050,35.0,Kisumu,Wholesale,2025-07-02
C00051,Customer 0051,21.0,Eldoret,Consumer,2024-01-01
C00052,Customer 0052,42.0,Nakuru,Wholesale,2025-07-02
C00053,Customer 0053,31.0,Kisumu,Consumer,2024-05-20
C00054,Customer 0054,67.0,Mombasa,Consumer,2025-10-09
C00055,Customer 0055,26.0,Mombasa,Business,2024-07-06
C00056,Customer 0056,43.0,Kisumu,Business,2024-05-07
C00057,Customer 0057,70.0,Nakuru,Wholesale,2024-07-19
C00058,Customer 0058,,Mombasa,Wholesale,2024-05-06
C00059,Customer 0059,37.0,Eldoret,Consumer,2024-09-13
C00060,Customer 0060,45.0,Mombasa,Wholesale,2025-11-06
C00061,Customer 0061,64.0,Nairobi,Consumer,2025-06-30
C00062,Customer 0062,24.0,Nairobi,Consumer,2024-07-12
C00063,Customer 0063,61.0,Nakuru,Wholesale,2025-12-03
C00064,Customer 0064,25.0,Kisumu,Consumer,2024-04-13
C00065,Customer 0065,64.0,Nakuru,Business,2025-06-18
C00066,Customer 0066,52.0,Nakuru,Wholesale,2024-09-21
C00067,Customer 0067,31.0,Nakuru,Business,2025-01-18
C00068,Customer 0068,34.0,Nakuru,Wholesale,2024-09-16
C00069,Customer 0069,53.0,Eldoret,Consumer,2025-02-17
C00070,Customer 0070,67.0,Eldoret,Wholesale,2024-12-23
C00071,Customer 0071,57.0,Mombasa,Business,2024-03-15
C00072,Customer 0072,21.0,Nairobi,Consumer,2024-12-20
C00073,Customer 0073,19.0,Nakuru,Wholesale,2025-08-06
C00074,Customer 0074,23.0,Mombasa,Wholesale,2024-07-06
C00075,Customer 0075,59.0,Nairobi,Wholesale,2025-11-15
C00076,Customer 0076,21.0,Kisumu,Business,2024-10-16
C00077,Customer 0077,46.0,Eldoret,Business,2024-02-14
C00078,Customer 0078,35.0,Nairobi,Wholesale,2025-07-26
C00079,Customer 0079,43.0,Kisumu,Consumer,2024-03-23
C00080,Customer 0080,61.0,Nairobi,Consumer,2024-05-02
C00081,Customer 0081,51.0,Eldoret,Business,2024-12-23
C00082,Customer 0082,27.0,Eldoret,Consumer,2025-06-11
C00083,Customer 0083,53.0,Mombasa,Business,2024-03-06
C00084,Customer 0084,31.0,Nakuru,Wholesale,2025-10-18
C00085,Customer 0085,48.0,Nairobi,Business,2025-01-09
C00086,Customer 0086,65.0,Nairobi,Business,2024-06-10
C00087,Customer 0087,32.0,Kisumu,Wholesale,2025-01-14
C00088,Customer 0088,25.0,Eldoret,Consumer,2025-10-17
C00089,Customer 0089,31.0,Nairobi,Business,2024-12-23
C00090,Customer 0090,40.0,Eldoret,Business,2024-07-06
C00091,Customer 0091,143.0,Nairobi,Wholesale,2024-11-17
C00092,Customer 0092,38.0,Mombasa,Consumer,2025-03-25
C00093,Customer 0093,33.0,Nakuru,Business,2025-04-18
C00094,Customer 0094,62.0,Nairobi,Wholesale,2024-01-13
C00095,Customer 0095,35.0,Eldoret,Business,2024-07-02
C00096,Customer 0096,64.0,Mombasa,Wholesale,2024-04-20
C00097,Customer 0097,70.0,Nairobi,Consumer,2025-05-22
C00098,Customer 0098,41.0,Kisumu,Consumer,2024-10-16
C00099,Customer 0099,43.0,Nakuru,Consumer,2024-10-21
C00100,Customer 0100,42.0,Nairobi,Consumer,2025-03-26
C00101,Customer 0101,62.0,Mombasa,Business,2024-08-02
C00102,Customer 0102,58.0,Kisumu,Business,2025-09-23
C00103,Customer 0103,46.0,Mombasa,Consumer,2025-07-20
C00104,Customer 0104,32.0,Mombasa,Consumer,2024-01-27
C00105,Customer 0105,62.0,Kisumu,Consumer,2025-09-21
C00106,Customer 0106,18.0,Mombasa,Business,2024-08-18
C00107,Customer 0107,42.0,Kisumu,Consumer,2025-07-18
C00108,Customer 0108,24.0,Nairobi,Consumer,2024-11-16
C00109,Customer 0109,26.0,Kisumu,Consumer,2024-08-20
C00110,Customer 0110,41.0,Kisumu,Wholesale,2025-10-31
C00111,Customer 0111,18.0,Nakuru,Consumer,2025-03-12
C00112,Customer 0112,61.0,Kisumu,Wholesale,2025-06-16
C00113,Customer 0113,25.0,Kisumu,Wholesale,2025-02-06
C00114,Customer 0114,41.0,Nairobi,Consumer,2024-02-22
C00115,Customer 0115,28.0,Nakuru,Wholesale,2024-11-08
C00116,Customer 0116,68.0,Eldoret,Consumer,2024-10-07
C00117,Customer 0117,34.0,Nairobi,Business,2025-12-26
C00118,Customer 0118,25.0,Nairobi,Business,2024-01-31
C00119,Customer 0119,52.0,Eldoret,Business,2024-12-02
C00120,Customer 0120,52.0,Kisumu,Business,2024-07-01
C00121,Customer 0121,50.0,Mombasa,Wholesale,2024-01-23
C00122,Customer 0122,22.0,Nakuru,Consumer,2025-06-27
C00123,Customer 0123,59.0,Mombasa,Consumer,2025-03-21
C00124,Customer 0124,56.0,Eldoret,Consumer,2024-03-14
C00125,Customer 0125,58.0,Nairobi,Business,2024-01-10
C00126,Customer 0126,45.0,Nairobi,Business,2025-04-28
C00127,Customer 0127,24.0,Nakuru,Consumer,2025-03-31
C00128,Customer 0128,26.0,Nairobi,Business,2025-07-19
C00129,Customer 0129,25.0,Nairobi,Consumer,2025-07-17
C00130,Customer 0130,29.0,Nakuru,Consumer,2025-10-21
C00131,Customer 0131,51.0,Nakuru,Consumer,2024-06-08
C00132,Customer 0132,50.0,Eldoret,Consumer,2024-01-14
C00133,Customer 0133,65.0,Nairobi,Consumer,2024-06-26
C00134,Customer 0134,40.0,Nairobi,Consumer,2025-02-15
C00135,Customer 0135,41.0,Eldoret,Consumer,2024-02-22
C00136,Customer 0136,54.0,Kisumu,Business,2025-02-11
C00137,Customer 0137,52.0,Kisumu,Consumer,2024-01-22
C00138,Customer 0138,61.0,Kisumu,Consumer,2024-01-30
C00139,Customer 0139,57.0,Eldoret,Business,2025-12-03
C00140,Customer 0140,39.0,Nairobi,Business,2024-09-16
C00141,Customer 0141,44.0,Eldoret,Business,2024-07-23
C00142,Customer 0142,52.0,Eldoret,Consumer,2024-02-28
C00143,Customer 0143,18.0,Kisumu,Wholesale,2025-04-15
C00144,Customer 0144,52.0,Mombasa,Wholesale,2025-04-10
C00145,Customer 0145,54.0,Nairobi,Business,2024-01-12
C00146,Customer 0146,64.0,Kisumu,Wholesale,2025-09-22
C00147,Customer 0147,31.0,Mombasa,Business,2024-10-16
C00148,Customer 0148,20.0,Mombasa,Consumer,2024-12-19
C00149,Customer 0149,18.0,Nakuru,Wholesale,2025-09-30
C00150,Customer 0150,22.0,Nairobi,Consumer,2024-03-15
C00151,Customer 0151,43.0,Mombasa,Wholesale,2025-12-16
C00152,Customer 0152,31.0,Kisumu,Consumer,2025-07-14
C00153,Customer 0153,56.0,Nakuru,Wholesale,2025-08-13
C00154,Customer 0154,44.0,Nairobi,Consumer,2025-03-16
C00155,Customer 0155,26.0,Eldoret,Consumer,2024-08-28
C00156,Customer 0156,32.0,Kisumu,Wholesale,2024-06-02
C00157,Customer 0157,32.0,Mombasa,Consumer,2024-04-05
C00158,Customer 0158,43.0,Mombasa,Consumer,2025-12-26
C00159,Customer 0159,59.0,Kisumu,Consumer,2024-10-20
C00160,Customer 0160,30.0,Mombasa,Wholesale,2024-07-27
C00161,Customer 0161,68.0,Nakuru,Wholesale,2024-12-08
C00162,Customer 0162,49.0,Nairobi,Consumer,2024-03-28
C00163,Customer 0163,56.0,Nakuru,Consumer,2025-01-24
C00164,Customer 0164,66.0,Mombasa,Wholesale,2024-11-20
C00165,Customer 0165,69.0,Eldoret,Wholesale,2024-06-05
C00166,Customer 0166,49.0,Nairobi,Consumer,2025-10-29
C00167,Customer 0167,21.0,Nairobi,Consumer,2025-10-12
C00168,Customer 0168,47.0,Kisumu,Consumer,2025-09-24
C00169,Customer 0169,54.0,Kisumu,Business,2025-07-30
C00170,Customer 0170,40.0,Eldoret,Wholesale,2025-09-10
C00171,Customer 0171,56.0,Nairobi,Business,2025-10-20
C00172,Customer 0172,62.0,Eldoret,Wholesale,2024-05-16
C00173,Customer 0173,32.0,Kisumu,Wholesale,2025-11-04
C00174,Customer 0174,60.0,Kisumu,Wholesale,2025-03-03
C00175,Customer 0175,46.0,Nairobi,Wholesale,2025-03-27
C00176,Customer 0176,53.0,Nakuru,Wholesale,2025-09-03
C00177,Customer 0177,30.0,Mombasa,Wholesale,2024-05-20
C00178,Customer 0178,49.0,Kisumu,Wholesale,2024-03-23
C00179,Customer 0179,24.0,Kisumu,Business,2024-06-25
C00180,Customer 0180,68.0,Nakuru,Consumer,2024-07-16
C00181,Customer 0181,39.0,Nakuru,Consumer,2025-09-15
C00182,Customer 0182,45.0,Eldoret,Business,2025-07-21
C00183,Customer 0183,19.0,Eldoret,Business,2025-11-21
C00184,Customer 0184,59.0,Mombasa,Business,2025-02-24
C00185,Customer 0185,62.0,Mombasa,Business,2025-02-04
C00186,Customer 0186,70.0,Nairobi,Wholesale,2025-11-28
C00187,Customer 0187,23.0,Eldoret,Consumer,2025-04-15
C00188,Customer 0188,45.0,Kisumu,Wholesale,2024-08-05
C00189,Customer 0189,45.0,Eldoret,Consumer,2025-12-29
C00190,Customer 0190,61.0,Kisumu,Consumer,2025-09-23
C00191,Customer 0191,61.0,Nakuru,Business,2024-06-23
C00192,Customer 0192,37.0,Eldoret,Wholesale,2024-01-23
C00193,Customer 0193,47.0,Nakuru,Business,2025-12-25
C00194,Customer 0194,28.0,Mombasa,Wholesale,2024-08-22
C00195,Customer 0195,45.0,Mombasa,Consumer,2024-01-13
C00196,Customer 0196,42.0,Nairobi,Business,2024-04-10
C00197,Customer 0197,56.0,Eldoret,Business,2025-06-19
C00198,Customer 0198,50.0,Nakuru,Consumer,2025-06-06
C00199,Customer 0199,18.0,Kisumu,Consumer,2025-03-27
C00200,Customer 0200,44.0,Mombasa,Consumer,2025-03-06
C00201,Customer 0201,69.0,Mombasa,Business,2025-08-28
C00202,Customer 0202,30.0,Kisumu,Wholesale,2025-12-13
C00203,Customer 0203,58.0,Nakuru,Business,2025-06-16
C00204,Customer 0204,20.0,Nakuru,Wholesale,2025-12-23
C00205,Customer 0205,56.0,Eldoret,Business,2025-10-13
C00206,Customer 0206,23.0,Eldoret,Business,2024-10-19
C00207,Customer 0207,25.0,Nairobi,Consumer,2024-04-10
C00208,Customer 0208,44.0,Mombasa,Wholesale,2025-05-16
C00209,Customer 0209,26.0,Eldoret,Business,2024-10-30
C00210,Customer 0210,54.0,Nakuru,Business,2025-06-23
C00211,Customer 0211,50.0,Kisumu,Consumer,2025-07-06
C00212,Customer 0212,,Nakuru,Consumer,2024-12-20
C00213,Customer 0213,59.0,Mombasa,Wholesale,2024-10-29
C00214,Customer 0214,61.0,Nakuru,Business,2025-05-10
C00215,Customer 0215,41.0,Nairobi,Wholesale,2025-10-19
C00216,Customer 0216,32.0,Mombasa,Business,2024-08-14
C00217,Customer 0217,49.0,Kisumu,Wholesale,2024-08-23
C00218,Customer 0218,49.0,Nairobi,Consumer,2025-03-30
C00219,Customer 0219,41.0,Mombasa,Business,2024-01-13
C00220,Customer 0220,58.0,Kisumu,Wholesale,2024-07-28
C00221,Customer 0221,69.0,Nairobi,Consumer,2025-01-31
C00222,Customer 0222,66.0,Nairobi,Consumer,2024-04-09
C00223,Customer 0223,66.0,Mombasa,Wholesale,2024-01-31
C00224,Customer 0224,69.0,Eldoret,Business,2025-06-11
C00225,Customer 0225,29.0,Nairobi,Business,2025-10-10
C00226,Customer 0226,56.0,Nairobi,Consumer,2024-11-24
C00227,Customer 0227,19.0,Kisumu,Business,2024-06-14
C00228,Customer 0228,20.0,Nakuru,Business,2025-04-03
C00229,Customer 0229,66.0,Mombasa,Business,2024-04-09
C00230,Customer 0230,54.0,Mombasa,Consumer,2025-09-12
C00231,Customer 0231,66.0,Eldoret,Wholesale,2024-06-21
C00232,Customer 0232,34.0,Eldoret,Business,2024-06-10
C00233,Customer 0233,66.0,Mombasa,Consumer,2025-12-28
C00234,Customer 0234,19.0,Eldoret,Consumer,2024-09-19
C00235,Customer 0235,19.0,Kisumu,Wholesale,2024-09-30
C00236,Customer 0236,45.0,Mombasa,Business,2024-01-03
C00237,Customer 0237,40.0,Eldoret,Business,2024-01-28
C00238,Customer 0238,54.0,Mombasa,Wholesale,2024-11-21
C00239,Customer 0239,49.0,Nakuru,Wholesale,2024-05-28
C00240,Customer 0240,50.0,Nairobi,Consumer,2025-06-23
C00241,Customer 0241,18.0,Mombasa,Consumer,2025-05-02
C00242,Customer 0242,36.0,Nairobi,Wholesale,2025-03-13
C00243,Customer 0243,19.0,Eldoret,Business,2024-03-05
C00244,Customer 0244,70.0,Nairobi,Consumer,2024-12-21
C00245,Customer 0245,61.0,Mombasa,Consumer,2025-06-16
C00246,Customer 0246,43.0,Nakuru,Business,2024-09-08
C00247,Customer 0247,49.0,Eldoret,Consumer,2024-08-22
C00248,Customer 0248,23.0,Mombasa,Business,2024-08-14
C00249,Customer 0249,49.0,Eldoret,Business,2025-06-08
C00250,Customer 0250,21.0,Kisumu,Business,2024-11-08
C00251,Customer 0251,28.0,Nairobi,Wholesale,2024-02-18
C00252,Customer 0252,34.0,Kisumu,Wholesale,2024-04-27
C00253,Customer 0253,55.0,Mombasa,Wholesale,2024-02-23
C00254,Customer 0254,41.0,Nakuru,Business,2025-10-11
C00255,Customer 0255,22.0,Eldoret,Business,2025-07-18
C00256,Customer 0256,69.0,Nairobi,Wholesale,2024-02-13
C00257,Customer 0257,51.0,Eldoret,Consumer,2024-02-22
C00258,Customer 0258,23.0,Mombasa,Business,2025-08-08
C00259,Customer 0259,39.0,Eldoret,Consumer,2025-07-11
C00260,Customer 0260,28.0,Nairobi,Consumer,2025-06-08
C00261,Customer 0261,65.0,Mombasa,Business,2025-11-07
C00262,Customer 0262,33.0,Eldoret,Business,2024-04-11
C00263,Customer 0263,50.0,Nakuru,Consumer,2025-02-01
C00264,Customer 0264,26.0,Mombasa,Consumer,2024-05-17
C00265,Customer 0265,23.0,Mombasa,Wholesale,2025-11-05
C00266,Customer 0266,33.0,Nakuru,Wholesale,2025-01-21
C00267,Customer 0267,46.0,Kisumu,Business,2024-04-20
C00268,Customer 0268,20.0,Nairobi,Wholesale,2025-09-05
C00269,Customer 0269,37.0,Kisumu,Wholesale,2024-01-17
C00270,Customer 0270,53.0,Eldoret,Wholesale,2024-06-30
C00271,Customer 0271,36.0,Nakuru,Wholesale,2025-06-19
C00272,Customer 0272,43.0,Kisumu,Consumer,2025-06-24
C00273,Customer 0273,20.0,Mombasa,Business,2024-06-19
C00274,Customer 0274,36.0,Eldoret,Wholesale,2025-02-12
C00275,Customer 0275,37.0,Eldoret,Consumer,2025-01-12
C00276,Customer 0276,49.0,Kisumu,Consumer,2024-07-06
C00277,Customer 0277,24.0,Kisumu,Consumer,2024-08-17
C00278,Customer 0278,69.0,Nakuru,Wholesale,2024-04-28
C00279,Customer 0279,58.0,Nairobi,Wholesale,2024-06-04
C00280,Customer 0280,50.0,Kisumu,Business,2025-11-17
C00281,Customer 0281,57.0,Kisumu,Wholesale,2025-04-09
C00282,Customer 0282,56.0,Mombasa,Wholesale,2024-04-13
C00283,Customer 0283,35.0,Eldoret,Consumer,2025-08-26
C00284,Customer 0284,57.0,Nairobi,Business,2025-11-28
C00285,Customer 0285,18.0,Mombasa,Wholesale,2025-05-16
C00286,Customer 0286,28.0,Nakuru,Wholesale,2025-11-23
C00287,Customer 0287,45.0,Nakuru,Consumer,2025-11-12
C00288,Customer 0288,42.0,Kisumu,Consumer,2025-11-29
C00289,Customer 0289,67.0,Kisumu,Wholesale,2024-06-23
C00290,Customer 0290,40.0,Nakuru,Business,2025-11-04
C00291,Customer 0291,48.0,Kisumu,Business,2025-02-24
C00292,Customer 0292,47.0,Nairobi,Consumer,2024-05-13
C00293,Customer 0293,59.0,Kisumu,Consumer,2025-01-25
C00294,Customer 0294,52.0,Eldoret,Wholesale,2025-05-15
C00295,Customer 0295,24.0,Kisumu,Consumer,2025-10-26
C00296,Customer 0296,33.0,Mombasa,Wholesale,2024-02-02
C00297,Customer 0297,43.0,Nairobi,Business,2024-02-24
C00298,Customer 0298,65.0,Mombasa,Business,2025-06-02
C00299,Customer 0299,69.0,Mombasa,Wholesale,2025-09-29
C00300,Customer 0300,66.0,Eldoret,Consumer,2024-01-12
C00301,Customer 0301,19.0,Nairobi,Business,2025-06-11
C00302,Customer 0302,18.0,Nairobi,Consumer,2025-12-20
C00303,Customer 0303,65.0,Nairobi,Business,2025-07-08
C00304,Customer 0304,29.0,Nairobi,Wholesale,2025-01-07
C00305,Customer 0305,22.0,Nairobi,Wholesale,2025-04-28
C00306,Customer 0306,54.0,Eldoret,Wholesale,2025-10-08
C00307,Customer 0307,49.0,Kisumu,Business,2024-08-15
C00308,Customer 0308,26.0,Mombasa,Consumer,2025-09-14
C00309,Customer 0309,58.0,Nairobi,Consumer,2024-11-02
C00310,Customer 0310,52.0,Kisumu,Consumer,2025-04-01
C00311,Customer 0311,36.0,Kisumu,Business,2024-06-08
C00312,Customer 0312,65.0,Mombasa,Business,2024-11-26
C00313,Customer 0313,33.0,Eldoret,Business,2024-08-12
C00314,Customer 0314,20.0,Nakuru,Business,2025-12-29
C00315,Customer 0315,37.0,Nakuru,Business,2025-05-18
C00316,Customer 0316,41.0,Kisumu,Consumer,2025-03-31
C00317,Customer 0317,50.0,Mombasa,Business,2024-02-14
C00318,Customer 0318,41.0,Nakuru,Business,2024-08-01
C00319,Customer 0319,69.0,Kisumu,Consumer,2024-02-28
C00320,Customer 0320,28.0,Eldoret,Business,2025-10-05
C00321,Customer 0321,66.0,Nakuru,Consumer,2025-09-07
C00322,Customer 0322,25.0,Kisumu,Consumer,2024-07-13
C00323,Customer 0323,53.0,Kisumu,Wholesale,2025-05-03
C00324,Customer 0324,55.0,Nairobi,Wholesale,2024-06-05
C00325,Customer 0325,57.0,Eldoret,Wholesale,2025-09-01
C00326,Customer 0326,37.0,Nairobi,Wholesale,2024-08-13
C00327,Customer 0327,52.0,Mombasa,Business,2025-02-15
C00328,Customer 0328,65.0,Nairobi,Wholesale,2024-07-23
C00329,Customer 0329,42.0,Nairobi,Consumer,2024-03-19
C00330,Customer 0330,52.0,Nakuru,Business,2024-05-03
C00331,Customer 0331,42.0,Kisumu,Wholesale,2025-04-15
C00332,Customer 0332,46.0,Eldoret,Consumer,2024-08-05
C00333,Customer 0333,35.0,Nairobi,Business,2025-05-30
C00334,Customer 0334,63.0,Eldoret,Business,2025-08-24
C00335,Customer 0335,35.0,Nairobi,Wholesale,2024-04-13
C00336,Customer 0336,19.0,Mombasa,Business,2025-01-27
C00337,Customer 0337,52.0,Nairobi,Consumer,2025-09-22
C00338,Customer 0338,33.0,Nakuru,Business,2025-10-06
C00339,Customer 0339,58.0,Kisumu,Consumer,2025-08-30
C00340,Customer 0340,53.0,Mombasa,Business,2025-03-09
C00341,Customer 0341,50.0,Nairobi,Wholesale,2024-11-26
C00342,Customer 0342,21.0,Eldoret,Consumer,2024-05-22
C00343,Customer 0343,50.0,Mombasa,Business,2025-06-23
C00344,Customer 0344,31.0,Mombasa,Business,2024-10-04
C00345,Customer 0345,38.0,Nairobi,Business,2024-08-20
C00346,Customer 0346,65.0,Mombasa,Consumer,2025-06-12
C00347,Customer 0347,37.0,Eldoret,Consumer,2025-07-24
C00348,Customer 0348,25.0,Mombasa,Consumer,2024-03-30
C00349,Customer 0349,24.0,Eldoret,Wholesale,2025-05-06
C00350,Customer 0350,20.0,Nairobi,Wholesale,2024-07-17
C00351,Customer 0351,34.0,Kisumu,Consumer,2024-12-27
C00352,Customer 0352,50.0,Mombasa,Business,2025-03-16
C00353,Customer 0353,65.0,Kisumu,Wholesale,2024-01-26
C00354,Customer 0354,29.0,Eldoret,Consumer,2024-01-25
C00355,Customer 0355,68.0,Mombasa,Business,2025-01-28
C00356,Customer 0356,39.0,Nakuru,Wholesale,2025-05-21
C00357,Customer 0357,39.0,Kisumu,Business,2024-10-27
C00358,Customer 0358,63.0,Mombasa,Business,2024-12-04
C00359,Customer 0359,47.0,Kisumu,Business,2024-09-23
C00360,Customer 0360,55.0,Mombasa,Business,2025-04-05
C00361,Customer 0361,55.0,Nairobi,Wholesale,2025-11-23
C00362,Customer 0362,62.0,Kisumu,Wholesale,2025-03-31
C00363,Customer 0363,68.0,Nakuru,Wholesale,2024-12-25
C00364,Customer 0364,25.0,Nakuru,Consumer,2024-03-08
C00365,Customer 0365,44.0,Eldoret,Wholesale,2025-02-15
C00366,Customer 0366,44.0,Mombasa,Business,2025-05-05
C00367,Customer 0367,51.0,Kisumu,Wholesale,2024-02-18
C00368,Customer 0368,38.0,Eldoret,Business,2025-11-17
C00369,Customer 0369,47.0,Kisumu,Consumer,2025-07-17
C00370,Customer 0370,50.0,Mombasa,Business,2024-04-11
C00371,Customer 0371,45.0,Nakuru,Business,2024-08-03
C00372,Customer 0372,64.0,Nairobi,Business,2025-03-13
C00373,Customer 0373,50.0,Nakuru,Consumer,2025-11-30
C00374,Customer 0374,22.0,Eldoret,Wholesale,2025-07-22
C00375,Customer 0375,65.0,Nairobi,Wholesale,2025-07-12
C00376,Customer 0376,36.0,Eldoret,Consumer,2024-06-07
C00377,Customer 0377,21.0,Mombasa,Business,2025-05-03
C00378,Customer 0378,52.0,Nairobi,Wholesale,2025-11-16
C00379,Customer 0379,66.0,Eldoret,Consumer,2024-08-29
C00380,Customer 0380,34.0,Mombasa,Wholesale,2024-01-05
C00381,Customer 0381,61.0,Nakuru,Consumer,2025-08-18
C00382,Customer 0382,45.0,Mombasa,Business,2024-12-26
C00383,Customer 0383,47.0,Kisumu,Wholesale,2025-04-03
C00384,Customer 0384,46.0,Mombasa,Consumer,2024-09-04
C00385,Customer 0385,63.0,Mombasa,Wholesale,2025-07-19
C00386,Customer 0386,70.0,Kisumu,Wholesale,2025-11-03
C00387,Customer 0387,23.0,Eldoret,Wholesale,2025-02-25
C00388,Customer 0388,52.0,Eldoret,Wholesale,2024-01-15
C00389,Customer 0389,58.0,Mombasa,Consumer,2025-07-26
C00390,Customer 0390,54.0,Kisumu,Business,2024-05-01
C00391,Customer 0391,41.0,Kisumu,Consumer,2024-10-03
C00392,Customer 0392,46.0,Nakuru,Consumer,2025-07-11
C00393,Customer 0393,66.0,Eldoret,Consumer,2025-03-28
C00394,Customer 0394,63.0,Nairobi,Business,2025-01-24
C00395,Customer 0395,70.0,Eldoret,Wholesale,2024-10-20
C00396,Customer 0396,48.0,Eldoret,Wholesale,2025-07-27
C00397,Customer 0397,52.0,Nakuru,Wholesale,2025-08-20
C00398,Customer 0398,50.0,Nairobi,Business,2025-03-21
C00399,Customer 0399,69.0,Nakuru,Wholesale,2024-07-28
C00400,Customer 0400,38.0,Nairobi,Business,2025-08-12
C00401,Customer 0401,,Mombasa,Wholesale,2025-12-14
C00402,Customer 0402,40.0,Nairobi,Wholesale,2024-10-28
C00403,Customer 0403,50.0,Nakuru,Consumer,2024-08-10
C00404,Customer 0404,20.0,Eldoret,Business,2024-01-03
C00405,Customer 0405,35.0,Nairobi,Consumer,2025-06-01
C00406,Customer 0406,42.0,Nairobi,Consumer,2024-04-02
C00407,Customer 0407,59.0,Kisumu,Consumer,2025-06-03
C00408,Customer 0408,48.0,Eldoret,Business,2025-03-03
C00409,Customer 0409,20.0,Mombasa,Business,2025-05-07
C00410,Customer 0410,57.0,Nakuru,Wholesale,2024-08-22
C00411,Customer 0411,63.0,Mombasa,Consumer,2025-09-11
C00412,Customer 0412,41.0,Eldoret,Wholesale,2024-06-09
C00413,Customer 0413,67.0,Nairobi,Consumer,2025-12-21
C00414,Customer 0414,49.0,Nairobi,Business,2024-11-26
C00415,Customer 0415,64.0,Eldoret,Business,2024-11-28
C00416,Customer 0416,39.0,Nairobi,Business,2024-02-19
C00417,Customer 0417,40.0,Nairobi,Consumer,2025-06-06
C00418,Customer 0418,19.0,Nairobi,Business,2025-10-29
C00419,Customer 0419,44.0,Nakuru,Consumer,2025-05-06
C00420,Customer 0420,59.0,Nakuru,Wholesale,2025-08-04
C00421,Customer 0421,19.0,Kisumu,Consumer,2025-11-11
C00422,Customer 0422,43.0,Mombasa,Wholesale,2024-09-28
C00423,Customer 0423,34.0,Eldoret,Consumer,2025-08-02
C00424,Customer 0424,57.0,Eldoret,Wholesale,2024-09-08
C00425,Customer 0425,50.0,Eldoret,Business,2025-07-13
C00426,Customer 0426,26.0,Kisumu,Wholesale,2025-11-26
C00427,Customer 0427,60.0,Nakuru,Business,2025-11-29
C00428,Customer 0428,65.0,Kisumu,Business,2024-03-30
C00429,Customer 0429,56.0,Eldoret,Wholesale,2025-03-21
C00430,Customer 0430,46.0,Mombasa,Consumer,2024-11-27
C00431,Customer 0431,59.0,Nairobi,Consumer,2024-05-18
C00432,Customer 0432,43.0,Nakuru,Consumer,2024-12-22
C00433,Customer 0433,52.0,Nakuru,Consumer,2025-08-23
C00434,Customer 0434,67.0,Kisumu,Consumer,2024-09-30
C00435,Customer 0435,42.0,Nakuru,Business,2024-01-19
C00436,Customer 0436,41.0,Eldoret,Consumer,2024-11-06
C00437,Customer 0437,30.0,Eldoret,Business,2024-06-02
C00438,Customer 0438,24.0,Kisumu,Business,2025-01-24
C00439,Customer 0439,53.0,Eldoret,Business,2024-09-16
C00440,Customer 0440,62.0,Mombasa,Wholesale,2025-09-11
C00441,Customer 0441,37.0,Kisumu,Wholesale,2025-07-24
C00442,Customer 0442,18.0,Mombasa,Business,2024-05-04
C00443,Customer 0443,25.0,Nairobi,Wholesale,2024-12-19
C00444,Customer 0444,63.0,Mombasa,Consumer,2024-09-29
C00445,Customer 0445,33.0,Nairobi,Consumer,2025-09-10
C00446,Customer 0446,31.0,Nairobi,Business,2024-09-01
C00447,Customer 0447,29.0,Mombasa,Consumer,2025-03-25
C00448,Customer 0448,68.0,Kisumu,Business,2024-09-03
C00449,Customer 0449,40.0,Eldoret,Business,2025-06-03
C00450,Customer 0450,32.0,Eldoret,Consumer,2024-05-20
C00451,Customer 0451,45.0,Nairobi,Wholesale,2024-12-27
C00452,Customer 0452,51.0,Nairobi,Consumer,2024-01-08
C00453,Customer 0453,19.0,Kisumu,Consumer,2025-04-22
C00454,Customer 0454,49.0,Nakuru,Business,2024-12-17
C00455,Customer 0455,40.0,Mombasa,Business,2025-05-09
C00456,Customer 0456,39.0,Nairobi,Business,2025-08-28
C00457,Customer 0457,68.0,Eldoret,Business,2025-03-02
C00458,Customer 0458,42.0,Kisumu,Wholesale,2024-02-08
C00459,Customer 0459,39.0,Mombasa,Wholesale,2025-08-15
C00460,Customer 0460,39.0,Kisumu,Wholesale,2024-07-05
C00461,Customer 0461,66.0,Mombasa,Business,2025-08-18
C00462,Customer 0462,69.0,Mombasa,Business,2025-08-22
C00463,Customer 0463,59.0,Nairobi,Business,2024-04-02
C00464,Customer 0464,23.0,Kisumu,Wholesale,2024-03-26
C00465,Customer 0465,32.0,Kisumu,Business,2024-02-13
C00466,Customer 0466,60.0,Eldoret,Consumer,2024-05-16
C00467,Customer 0467,54.0,Eldoret,Consumer,2025-02-24
C00468,Customer 0468,50.0,Nairobi,Business,2024-03-14
C00469,Customer 0469,25.0,Nairobi,Consumer,2025-07-01
C00470,Customer 0470,70.0,Nakuru,Consumer,2025-09-04
C00471,Customer 0471,61.0,Eldoret,Wholesale,2025-05-26
C00472,Customer 0472,61.0,Mombasa,Business,2024-06-04
C00473,Customer 0473,22.0,Kisumu,Business,2024-09-11
C00474,Customer 0474,56.0,Nairobi,Wholesale,2024-06-19
C00475,Customer 0475,21.0,Kisumu,Consumer,2025-12-28
C00476,Customer 0476,23.0,Kisumu,Consumer,2024-06-18
C00477,Customer 0477,62.0,Nakuru,Business,2024-11-17
C00478,Customer 0478,49.0,Eldoret,Consumer,2025-07-20
C00479,Customer 0479,69.0,Nairobi,Wholesale,2025-03-31
C00480,Customer 0480,47.0,Kisumu,Wholesale,2025-08-25
C00481,Customer 0481,64.0,Nairobi,Business,2025-09-04
C00482,Customer 0482,52.0,Mombasa,Wholesale,2024-06-03
C00483,Customer 0483,57.0,Nakuru,Wholesale,2024-12-14
C00484,Customer 0484,69.0,Mombasa,Business,2025-03-26
C00485,Customer 0485,33.0,Nairobi,Wholesale,2025-10-14
C00486,Customer 0486,30.0,Nairobi,Wholesale,2024-06-21
C00487,Customer 0487,67.0,Eldoret,Wholesale,2024-01-10
C00488,Customer 0488,59.0,Kisumu,Consumer,2024-09-21
C00489,Customer 0489,47.0,Kisumu,Business,2025-03-13
C00490,Customer 0490,36.0,Mombasa,Business,2024-09-03
C00491,Customer 0491,34.0,Nakuru,Business,2025-10-28
C00492,Customer 0492,36.0,Kisumu,Consumer,2025-06-29
C00493,Customer 0493,45.0,Eldoret,Consumer,2025-05-13
C00494,Customer 0494,43.0,Mombasa,Business,2024-05-08
C00495,Customer 0495,54.0,Mombasa,Consumer,2025-11-02
C00496,Customer 0496,43.0,Eldoret,Business,2025-08-23
C00497,Customer 0497,70.0,Nakuru,Consumer,2025-08-27
C00498,Customer 0498,40.0,Eldoret,Wholesale,2024-11-22
C00499,Customer 0499,26.0,Nakuru,Wholesale,2025-02-07
C00500,Customer 0500,29.0,Eldoret,Business,2025-09-20
C00501,Customer 0501,70.0,Eldoret,Consumer,2025-08-28
C00502,Customer 0502,18.0,Nairobi,Consumer,2025-11-05
C00503,Customer 0503,18.0,Mombasa,Wholesale,2025-09-02
C00504,Customer 0504,64.0,Eldoret,Wholesale,2025-09-16
C00505,Customer 0505,51.0,Eldoret,Consumer,2024-12-24
C00506,Customer 0506,49.0,Kisumu,Consumer,2025-08-25
C00507,Customer 0507,65.0,Mombasa,Consumer,2025-12-18
C00508,Customer 0508,42.0,Kisumu,Consumer,2024-01-17
C00509,Customer 0509,57.0,Mombasa,Consumer,2024-09-30
C00510,Customer 0510,62.0,Kisumu,Consumer,2025-11-15
C00511,Customer 0511,70.0,Eldoret,Business,2024-04-25
C00512,Customer 0512,18.0,Eldoret,Consumer,2025-11-23
C00513,Customer 0513,33.0,Nairobi,Wholesale,2024-03-31
C00514,Customer 0514,56.0,Kisumu,Business,2024-03-22
C00515,Customer 0515,22.0,Nakuru,Consumer,2024-11-19
C00516,Customer 0516,39.0,Nairobi,Wholesale,2024-04-23
C00517,Customer 0517,46.0,Kisumu,Business,2024-02-27
C00518,Customer 0518,20.0,Kisumu,Wholesale,2024-06-02
C00519,Customer 0519,29.0,Nairobi,Consumer,2025-02-07
C00520,Customer 0520,43.0,Eldoret,Consumer,2025-09-19
C00521,Customer 0521,33.0,Kisumu,Consumer,2024-09-22
C00522,Customer 0522,68.0,Eldoret,Consumer,2024-11-10
C00523,Customer 0523,54.0,Nairobi,Business,2025-12-15
C00524,Customer 0524,39.0,Eldoret,Business,2024-02-10
C00525,Customer 0525,46.0,Mombasa,Wholesale,2024-04-14
C00526,Customer 0526,31.0,Nakuru,Consumer,2024-07-11
C00527,Customer 0527,45.0,Kisumu,Wholesale,2025-02-04
C00528,Customer 0528,22.0,Nakuru,Business,2024-10-04
C00529,Customer 0529,64.0,Eldoret,Consumer,2024-12-19
C00530,Customer 0530,66.0,Kisumu,Consumer,2025-08-02
C00531,Customer 0531,47.0,Eldoret,Business,2025-12-09
C00532,Customer 0532,63.0,Mombasa,Business,2024-09-12
C00533,Customer 0533,69.0,Nairobi,Business,2025-10-12
C00534,Customer 0534,22.0,Kisumu,Business,2025-10-22
C00535,Customer 0535,29.0,Mombasa,Business,2024-04-08
C00536,Customer 0536,33.0,Mombasa,Consumer,2025-08-10
C00537,Customer 0537,43.0,Kisumu,Business,2024-10-08
C00538,Customer 0538,43.0,Eldoret,Consumer,2025-02-06
C00539,Customer 0539,65.0,Mombasa,Consumer,2024-04-18
C00540,Customer 0540,38.0,Nakuru,Business,2025-11-30
C00541,Customer 0541,56.0,Mombasa,Business,2024-07-17
C00542,Customer 0542,53.0,Eldoret,Consumer,2024-10-29
C00543,Customer 0543,50.0,Eldoret,Business,2024-11-22
C00544,Customer 0544,47.0,Nakuru,Business,2024-06-02
C00545,Customer 0545,54.0,Mombasa,Business,2025-07-05
C00546,Customer 0546,40.0,Eldoret,Wholesale,2025-10-06
C00547,Customer 0547,27.0,Kisumu,Consumer,2025-02-08
C00548,Customer 0548,22.0,Nairobi,Wholesale,2025-04-06
C00549,Customer 0549,53.0,Nairobi,Business,2024-05-11
C00550,Customer 0550,51.0,Nairobi,Wholesale,2024-03-24
C00551,Customer 0551,69.0,Mombasa,Business,2025-02-02
C00552,Customer 0552,48.0,Nakuru,Wholesale,2025-09-19
C00553,Customer 0553,27.0,Eldoret,Business,2024-04-18
C00554,Customer 0554,36.0,Kisumu,Wholesale,2024-08-08
C00555,Customer 0555,49.0,Kisumu,Wholesale,2025-07-06
C00556,Customer 0556,18.0,Mombasa,Wholesale,2025-01-02
C00557,Customer 0557,22.0,Nairobi,Consumer,2024-05-26
C00558,Customer 0558,62.0,Mombasa,Wholesale,2024-04-21
C00559,Customer 0559,21.0,Nakuru,Consumer,2025-09-06
C00560,Customer 0560,33.0,Nakuru,Business,2025-07-11
C00561,Customer 0561,41.0,Eldoret,Wholesale,2025-05-08
C00562,Customer 0562,33.0,Eldoret,Business,2025-05-19
C00563,Customer 0563,19.0,Nakuru,Business,2025-04-19
C00564,Customer 0564,66.0,Nakuru,Wholesale,2024-09-27
C00565,Customer 0565,45.0,Nakuru,Consumer,2025-02-24
C00566,Customer 0566,49.0,Mombasa,Wholesale,2025-12-07
C00567,Customer 0567,44.0,Nakuru,Business,2025-01-01
C00568,Customer 0568,37.0,Kisumu,Business,2024-10-06
C00569,Customer 0569,41.0,Nairobi,Wholesale,2024-10-09
C00570,Customer 0570,29.0,Nakuru,Consumer,2024-02-09
C00571,Customer 0571,67.0,Nairobi,Consumer,2024-07-07
C00572,Customer 0572,52.0,Mombasa,Business,2024-06-12
C00573,Customer 0573,50.0,Nairobi,Business,2025-06-19
C00574,Customer 0574,50.0,Mombasa,Consumer,2025-06-19
C00575,Customer 0575,68.0,Kisumu,Wholesale,2024-01-04
C00576,Customer 0576,60.0,Mombasa,Business,2024-10-16
C00577,Customer 0577,54.0,Mombasa,Consumer,2025-03-08
C00578,Customer 0578,29.0,Eldoret,Business,2025-04-15
C00579,Customer 0579,20.0,Nakuru,Wholesale,2024-06-29
C00580,Customer 0580,18.0,Nakuru,Consumer,2024-09-04
C00581,Customer 0581,50.0,Kisumu,Business,2025-09-19
C00582,Customer 0582,57.0,Kisumu,Wholesale,2024-10-05
C00583,Customer 0583,27.0,Nakuru,Business,2025-08-03
C00584,Customer 0584,60.0,Eldoret,Wholesale,2024-09-10
C00585,Customer 0585,61.0,Nakuru,Wholesale,2024-06-29
C00586,Customer 0586,46.0,Eldoret,Consumer,2025-11-11
C00587,Customer 0587,30.0,Kisumu,Wholesale,2025-05-23
C00588,Customer 0588,29.0,Nairobi,Business,2025-11-30
C00589,Customer 0589,48.0,Kisumu,Wholesale,2025-07-19
C00590,Customer 0590,63.0,Kisumu,Wholesale,2024-11-21
C00591,Customer 0591,19.0,Mombasa,Consumer,2024-12-22
C00592,Customer 0592,68.0,Mombasa,Wholesale,2025-10-11
C00593,Customer 0593,67.0,Mombasa,Wholesale,2025-11-10
C00594,Customer 0594,52.0,Mombasa,Business,2025-01-25
C00595,Customer 0595,40.0,Eldoret,Consumer,2025-09-06
C00596,Customer 0596,34.0,Nakuru,Consumer,2024-03-25
C00597,Customer 0597,43.0,Nairobi,Consumer,2024-11-12
C00598,Customer 0598,25.0,Kisumu,Wholesale,2024-07-30
C00599,Customer 0599,46.0,Eldoret,Consumer,2025-05-29
C00600,Customer 0600,43.0,Nairobi,Wholesale,2025-01-18
C00601,Customer 0601,27.0,Eldoret,Wholesale,2025-11-21
C00602,Customer 0602,43.0,Eldoret,Business,2024-12-07
C00603,Customer 0603,51.0,Kisumu,Business,2024-02-07
C00604,Customer 0604,68.0,Nakuru,Business,2025-05-25
C00605,Customer 0605,58.0,Mombasa,Business,2025-02-23
C00606,Customer 0606,24.0,Nakuru,Business,2024-06-17
C00607,Customer 0607,21.0,Kisumu,Wholesale,2024-12-08
C00608,Customer 0608,70.0,Kisumu,Wholesale,2024-11-01
C00609,Customer 0609,67.0,Kisumu,Consumer,2025-06-25
C00610,Customer 0610,62.0,Nairobi,Wholesale,2025-12-02
C00611,Customer 0611,28.0,Nakuru,Wholesale,2025-06-20
C00612,Customer 0612,46.0,Nakuru,Business,2024-04-21
C00613,Customer 0613,53.0,Eldoret,Wholesale,2025-02-14
C00614,Customer 0614,42.0,Eldoret,Business,2024-07-24
C00615,Customer 0615,38.0,Eldoret,Consumer,2024-07-03
C00616,Customer 0616,53.0,Kisumu,Consumer,2025-01-16
C00617,Customer 0617,27.0,Nakuru,Wholesale,2025-05-10
C00618,Customer 0618,54.0,Kisumu,Consumer,2025-01-13
C00619,Customer 0619,26.0,Nairobi,Wholesale,2024-02-16
C00620,Customer 0620,41.0,Eldoret,Consumer,2025-07-04
C00621,Customer 0621,52.0,Kisumu,Business,2025-06-11
C00622,Customer 0622,66.0,Kisumu,Business,2025-05-18
C00623,Customer 0623,52.0,Nairobi,Business,2024-01-22
C00624,Customer 0624,65.0,Mombasa,Business,2024-07-31
C00625,Customer 0625,53.0,Nakuru,Wholesale,2024-11-05
C00626,Customer 0626,35.0,Mombasa,Consumer,2025-10-22
C00627,Customer 0627,66.0,Eldoret,Wholesale,2024-09-28
C00628,Customer 0628,56.0,Kisumu,Business,2025-07-24
C00629,Customer 0629,49.0,Nairobi,Wholesale,2024-07-20
C00630,Customer 0630,41.0,Nairobi,Consumer,2024-02-01
C00631,Customer 0631,40.0,Nakuru,Wholesale,2025-03-18
C00632,Customer 0632,49.0,Mombasa,Consumer,2024-06-10
C00633,Customer 0633,54.0,Nakuru,Wholesale,2024-09-10
C00634,Customer 0634,29.0,Kisumu,Consumer,2025-06-04
C00635,Customer 0635,66.0,Nakuru,Consumer,2025-10-12
C00636,Customer 0636,30.0,Nairobi,Business,2025-04-24
C00637,Customer 0637,40.0,Nairobi,Consumer,2024-01-10
C00638,Customer 0638,42.0,Eldoret,Business,2025-12-26
C00639,Customer 0639,52.0,Eldoret,Business,2025-05-19
C00640,Customer 0640,58.0,Kisumu,Business,2025-07-13
C00641,Customer 0641,47.0,Mombasa,Wholesale,2025-03-11
C00642,Customer 0642,34.0,Nakuru,Wholesale,2024-04-20
C00643,Customer 0643,66.0,Kisumu,Wholesale,2024-06-01
C00644,Customer 0644,37.0,Eldoret,Wholesale,2025-09-26
C00645,Customer 0645,65.0,Nakuru,Consumer,2024-04-11
C00646,Customer 0646,42.0,Eldoret,Consumer,2024-07-09
C00647,Customer 0647,39.0,Nakuru,Wholesale,2025-12-29
C00648,Customer 0648,30.0,Mombasa,Consumer,2025-07-16
C00649,Customer 0649,36.0,Kisumu,Consumer,2024-03-21
C00650,Customer 0650,66.0,Nakuru,Business,2025-05-03
C00651,Customer 0651,53.0,Nairobi,Business,2024-03-28
C00652,Customer 0652,29.0,Nairobi,Business,2024-07-12
C00653,Customer 0653,58.0,Nakuru,Business,2024-04-13
C00654,Customer 0654,36.0,Nakuru,Consumer,2024-04-05
C00655,Customer 0655,29.0,Nakuru,Wholesale,2025-02-26
C00656,Customer 0656,26.0,Nairobi,Consumer,2024-07-16
C00657,Customer 0657,24.0,Nairobi,Consumer,2024-01-01
C00658,Customer 0658,45.0,Nakuru,Consumer,2025-02-10
C00659,Customer 0659,31.0,Eldoret,Business,2025-01-12
C00660,Customer 0660,48.0,Eldoret,Business,2024-06-15
C00661,Customer 0661,69.0,Mombasa,Business,2025-05-23
C00662,Customer 0662,36.0,Kisumu,Wholesale,2025-09-29
C00663,Customer 0663,64.0,Eldoret,Consumer,2024-11-08
C00664,Customer 0664,33.0,Nairobi,Wholesale,2025-08-15
C00665,Customer 0665,70.0,Eldoret,Business,2025-02-21
C00666,Customer 0666,22.0,Mombasa,Wholesale,2025-11-11
C00667,Customer 0667,52.0,Mombasa,Consumer,2025-04-21
C00668,Customer 0668,29.0,Kisumu,Consumer,2024-03-13
C00669,Customer 0669,42.0,Eldoret,Business,2024-05-20
C00670,Customer 0670,69.0,Nairobi,Business,2025-08-04
C00671,Customer 0671,38.0,Nairobi,Wholesale,2024-09-18
C00672,Customer 0672,53.0,Nakuru,Business,2024-12-05
C00673,Customer 0673,70.0,Nairobi,Business,2024-11-03
C00674,Customer 0674,40.0,Kisumu,Consumer,2024-09-01
C00675,Customer 0675,33.0,Kisumu,Business,2025-05-29
C00676,Customer 0676,56.0,Nairobi,Business,2024-12-02
C00677,Customer 0677,62.0,Nairobi,Consumer,2025-07-28
C00678,Customer 0678,70.0,Nakuru,Consumer,2025-07-14
C00679,Customer 0679,59.0,Nairobi,Wholesale,2024-03-16
C00680,Customer 0680,56.0,Nakuru,Business,2024-06-23
C00681,Customer 0681,31.0,Nakuru,Consumer,2024-04-18
C00682,Customer 0682,48.0,Nairobi,Wholesale,2024-07-01
C00683,Customer 0683,22.0,Mombasa,Wholesale,2024-07-10
C00684,Customer 0684,52.0,Mombasa,Business,2024-03-05
C00685,Customer 0685,40.0,Nakuru,Business,2025-04-18
C00686,Customer 0686,46.0,Nairobi,Wholesale,2024-04-09
C00687,Customer 0687,60.0,Mombasa,Consumer,2025-06-27
C00688,Customer 0688,28.0,Nairobi,Wholesale,2024-05-07
C00689,Customer 0689,35.0,Nairobi,Business,2025-03-27
C00690,Customer 0690,64.0,Nairobi,Consumer,2025-01-03
C00691,Customer 0691,29.0,Eldoret,Consumer,2024-02-12
C00692,Customer 0692,26.0,Nairobi,Wholesale,2025-02-22
C00693,Customer 0693,27.0,Eldoret,Business,2025-05-02
C00694,Customer 0694,61.0,Nakuru,Wholesale,2024-03-18
C00695,Customer 0695,34.0,Mombasa,Wholesale,2024-09-26
C00696,Customer 0696,55.0,Mombasa,Wholesale,2025-11-04
C00697,Customer 0697,24.0,Mombasa,Consumer,2025-12-01
C00698,Customer 0698,63.0,Mombasa,Consumer,2025-12-28
C00699,Customer 0699,30.0,Mombasa,Business,2024-11-10
C00700,Customer 0700,57.0,Mombasa,Business,2024-06-16
C00701,Customer 0701,59.0,Mombasa,Wholesale,2024-12-04
C00702,Customer 0702,26.0,Nakuru,Wholesale,2024-07-11
C00703,Customer 0703,67.0,Nairobi,Wholesale,2025-03-28
C00704,Customer 0704,44.0,Kisumu,Business,2024-10-09
C00705,Customer 0705,19.0,Eldoret,Consumer,2024-12-01
C00706,Customer 0706,22.0,Kisumu,Consumer,2025-01-24
C00707,Customer 0707,46.0,Kisumu,Wholesale,2025-06-08
C00708,Customer 0708,54.0,Nairobi,Wholesale,2024-08-27
C00709,Customer 0709,55.0,Nairobi,Wholesale,2025-04-27
C00710,Customer 0710,36.0,Nairobi,Wholesale,2025-10-20
C00711,Customer 0711,25.0,Mombasa,Business,2025-12-16
C00712,Customer 0712,65.0,Nakuru,Consumer,2025-08-14
C00713,Customer 0713,62.0,Mombasa,Wholesale,2025-07-08
C00714,Customer 0714,18.0,Nakuru,Business,2025-04-02
C00715,Customer 0715,39.0,Nakuru,Wholesale,2024-03-29
C00716,Customer 0716,69.0,Kisumu,Wholesale,2025-10-21
C00717,Customer 0717,34.0,Kisumu,Consumer,2024-04-04
C00718,Customer 0718,24.0,Nakuru,Wholesale,2025-03-27
C00719,Customer 0719,42.0,Nakuru,Consumer,2025-03-03
C00720,Customer 0720,62.0,Mombasa,Consumer,2024-05-30
C00721,Customer 0721,21.0,Mombasa,Consumer,2025-05-28
C00722,Customer 0722,53.0,Kisumu,Business,2025-01-10
C00723,Customer 0723,23.0,Nairobi,Business,2024-01-22
C00724,Customer 0724,48.0,Nakuru,Consumer,2024-11-08
C00725,Customer 0725,36.0,Mombasa,Wholesale,2025-06-02
C00726,Customer 0726,61.0,Kisumu,Consumer,2024-07-24
C00727,Customer 0727,56.0,Mombasa,Wholesale,2025-01-09
C00728,Customer 0728,44.0,Nakuru,Consumer,2025-03-26
C00729,Customer 0729,27.0,Nakuru,Wholesale,2025-09-17
C00730,Customer 0730,43.0,Eldoret,Business,2025-08-17
C00731,Customer 0731,36.0,Nairobi,Wholesale,2024-06-27
C00732,Customer 0732,56.0,Eldoret,Consumer,2024-07-28
C00733,Customer 0733,20.0,Kisumu,Business,2025-05-14
C00734,Customer 0734,62.0,Mombasa,Wholesale,2025-04-08
C00735,Customer 0735,30.0,Kisumu,Wholesale,2024-05-03
C00736,Customer 0736,67.0,Nakuru,Wholesale,2024-04-22
C00737,Customer 0737,45.0,Eldoret,Wholesale,2024-01-12
C00738,Customer 0738,37.0,Eldoret,Wholesale,2024-05-05
C00739,Customer 0739,45.0,Eldoret,Business,2025-07-18
C00740,Customer 0740,25.0,Kisumu,Business,2024-11-26
C00741,Customer 0741,58.0,Nakuru,Business,2024-10-09
C00742,Customer 0742,56.0,Mombasa,Business,2024-05-19
C00743,Customer 0743,18.0,Mombasa,Consumer,2025-02-04
C00744,Customer 0744,20.0,Kisumu,Business,2024-04-06
C00745,Customer 0745,30.0,Eldoret,Wholesale,2025-05-31
C00746,Customer 0746,45.0,Nairobi,Wholesale,2025-07-22
C00747,Customer 0747,66.0,Kisumu,Business,2024-03-09
C00748,Customer 0748,42.0,Kisumu,Wholesale,2024-04-27
C00749,Customer 0749,50.0,Nakuru,Business,2024-02-28
C00750,Customer 0750,55.0,Mombasa,Wholesale,2024-02-02
C00751,Customer 0751,70.0,Kisumu,Consumer,2024-11-13
C00752,Customer 0752,23.0,Kisumu,Consumer,2024-02-19
C00753,Customer 0753,61.0,Eldoret,Business,2025-05-03
C00754,Customer 0754,62.0,Eldoret,Business,2024-01-19
C00755,Customer 0755,49.0,Nairobi,Business,2025-12-26
C00756,Customer 0756,62.0,Nakuru,Wholesale,2024-07-15
C00757,Customer 0757,64.0,Nairobi,Business,2025-03-25
C00758,Customer 0758,38.0,Eldoret,Consumer,2025-07-12
C00759,Customer 0759,33.0,Mombasa,Wholesale,2025-11-09
C00760,Customer 0760,38.0,Eldoret,Business,2025-03-27
C00761,Customer 0761,28.0,Nakuru,Wholesale,2024-10-15
C00762,Customer 0762,54.0,Eldoret,Wholesale,2024-05-20
C00763,Customer 0763,53.0,Nakuru,Business,2024-03-24
C00764,Customer 0764,52.0,Nakuru,Wholesale,2025-11-24
C00765,Customer 0765,36.0,Nakuru,Consumer,2025-01-25
C00766,Customer 0766,37.0,Nakuru,Consumer,2025-08-13
C00767,Customer 0767,35.0,Nakuru,Wholesale,2024-08-02
C00768,Customer 0768,64.0,Mombasa,Business,2025-06-09
C00769,Customer 0769,58.0,Nairobi,Wholesale,2024-08-02
C00770,Customer 0770,66.0,Kisumu,Consumer,2025-02-06
C00771,Customer 0771,31.0,Nairobi,Wholesale,2024-05-07
C00772,Customer 0772,32.0,Nakuru,Wholesale,2025-04-21
C00773,Customer 0773,48.0,Mombasa,Consumer,2025-02-07
C00774,Customer 0774,18.0,Eldoret,Wholesale,2024-01-29
C00775,Customer 0775,70.0,Mombasa,Wholesale,2024-12-03
C00776,Customer 0776,20.0,Nakuru,Business,2025-12-14
C00777,Customer 0777,33.0,Mombasa,Business,2024-12-26
C00778,Customer 0778,,Mombasa,Consumer,2025-07-22
C00779,Customer 0779,28.0,Nakuru,Consumer,2025-01-26
C00780,Customer 0780,29.0,Mombasa,Consumer,2024-08-05
C00781,Customer 0781,27.0,Kisumu,Business,2025-07-27
C00782,Customer 0782,49.0,Kisumu,Consumer,2025-10-30
C00783,Customer 0783,33.0,Mombasa,Consumer,2024-07-20
C00784,Customer 0784,25.0,Eldoret,Consumer,2024-01-17
C00785,Customer 0785,55.0,Nakuru,Business,2024-11-17
C00786,Customer 0786,29.0,Kisumu,Wholesale,2025-06-01
C00787,Customer 0787,41.0,Eldoret,Consumer,2025-07-23
C00788,Customer 0788,45.0,Mombasa,Wholesale,2024-11-20
C00789,Customer 0789,70.0,Eldoret,Consumer,2025-02-15
C00790,Customer 0790,25.0,Nairobi,Wholesale,2024-11-13
C00791,Customer 0791,45.0,Kisumu,Business,2025-11-11
C00792,Customer 0792,53.0,Mombasa,Business,2024-03-22
C00793,Customer 0793,43.0,Nakuru,Consumer,2025-04-18
C00794,Customer 0794,25.0,Mombasa,Wholesale,2025-04-12
C00795,Customer 0795,67.0,Nakuru,Business,2025-02-28
C00796,Customer 0796,45.0,Mombasa,Consumer,2025-11-19
C00797,Customer 0797,45.0,Eldoret,Consumer,2024-07-22
C00798,Customer 0798,54.0,Eldoret,Business,2025-08-05
C00799,Customer 0799,58.0,Eldoret,Business,2025-01-21
C00800,Customer 0800,53.0,Nairobi,Consumer,2024-04-07
C00801,Customer 0801,44.0,Nakuru,Wholesale,2024-12-10
C00802,Customer 0802,34.0,Eldoret,Wholesale,2024-07-26
C00803,Customer 0803,26.0,Nairobi,Wholesale,2025-05-28
C00804,Customer 0804,50.0,Nakuru,Consumer,2025-09-27
C00805,Customer 0805,70.0,Mombasa,Business,2025-08-08
C00806,Customer 0806,37.0,Nairobi,Consumer,2024-06-14
C00807,Customer 0807,30.0,Kisumu,Business,2024-01-22
C00808,Customer 0808,45.0,Nairobi,Wholesale,2024-06-02
C00809,Customer 0809,65.0,Nairobi,Wholesale,2025-03-14
C00810,Customer 0810,46.0,Nakuru,Business,2024-10-21
C00811,Customer 0811,30.0,Mombasa,Business,2024-08-06
C00812,Customer 0812,63.0,Kisumu,Consumer,2025-10-30
C00813,Customer 0813,52.0,Eldoret,Wholesale,2025-05-09
C00814,Customer 0814,23.0,Eldoret,Consumer,2024-08-17
C00815,Customer 0815,35.0,Nairobi,Consumer,2024-01-20
C00816,Customer 0816,68.0,Nakuru,Consumer,2025-07-06
C00817,Customer 0817,22.0,Nakuru,Wholesale,2024-05-27
C00818,Customer 0818,64.0,Eldoret,Consumer,2024-04-17
C00819,Customer 0819,42.0,Kisumu,Consumer,2025-02-06
C00820,Customer 0820,19.0,Mombasa,Consumer,2025-08-18
C00821,Customer 0821,27.0,Kisumu,Consumer,2025-04-27
C00822,Customer 0822,47.0,Mombasa,Consumer,2025-01-01
C00823,Customer 0823,67.0,Eldoret,Consumer,2025-02-17
C00824,Customer 0824,62.0,Mombasa,Wholesale,2024-11-04
C00825,Customer 0825,22.0,Nakuru,Consumer,2024-05-13
C00826,Customer 0826,50.0,Nairobi,Business,2025-12-19
C00827,Customer 0827,18.0,Nairobi,Consumer,2024-10-09
C00828,Customer 0828,35.0,Eldoret,Consumer,2024-03-13
C00829,Customer 0829,49.0,Nakuru,Wholesale,2025-04-25
C00830,Customer 0830,64.0,Kisumu,Wholesale,2024-12-17
C00831,Customer 0831,66.0,Nakuru,Business,2025-07-13
C00832,Customer 0832,28.0,Nairobi,Business,2024-11-21
C00833,Customer 0833,38.0,Nairobi,Wholesale,2025-03-18
C00834,Customer 0834,43.0,Nakuru,Wholesale,2024-04-09
C00835,Customer 0835,42.0,Nakuru,Consumer,2024-02-28
C00836,Customer 0836,39.0,Nairobi,Wholesale,2025-05-22
C00837,Customer 0837,44.0,Kisumu,Business,2024-09-14
C00838,Customer 0838,66.0,Eldoret,Consumer,2025-02-16
C00839,Customer 0839,30.0,Eldoret,Business,2025-03-27
C00840,Customer 0840,50.0,Nakuru,Consumer,2024-03-05
C00841,Customer 0841,51.0,Eldoret,Wholesale,2025-08-17
C00842,Customer 0842,58.0,Nairobi,Business,2024-06-02
C00843,Customer 0843,52.0,Nairobi,Consumer,2024-09-22
C00844,Customer 0844,18.0,Nakuru,Consumer,2024-03-19
C00845,Customer 0845,38.0,Nakuru,Wholesale,2024-11-10
C00846,Customer 0846,65.0,Nakuru,Wholesale,2025-10-23
C00847,Customer 0847,23.0,Kisumu,Wholesale,2025-07-13
C00848,Customer 0848,45.0,Eldoret,Business,2024-09-04
C00849,Customer 0849,34.0,Nakuru,Consumer,2025-09-01
C00850,Customer 0850,22.0,Mombasa,Wholesale,2025-02-17
C00851,Customer 0851,48.0,Mombasa,Business,2024-01-25
C00852,Customer 0852,22.0,Nairobi,Business,2024-10-10
C00853,Customer 0853,55.0,Eldoret,Business,2025-03-24
C00854,Customer 0854,20.0,Nakuru,Wholesale,2024-10-27
C00855,Customer 0855,70.0,Mombasa,Wholesale,2024-03-08
C00856,Customer 0856,40.0,Eldoret,Consumer,2024-01-07
C00857,Customer 0857,54.0,Nairobi,Consumer,2024-05-16
C00858,Customer 0858,70.0,Kisumu,Wholesale,2024-06-12
C00859,Customer 0859,54.0,Eldoret,Business,2024-03-23
C00860,Customer 0860,27.0,Eldoret,Business,2025-10-11
C00861,Customer 0861,27.0,Kisumu,Business,2025-02-23
C00862,Customer 0862,36.0,Eldoret,Consumer,2024-03-13
C00863,Customer 0863,34.0,Nairobi,Business,2024-08-24
C00864,Customer 0864,38.0,Nairobi,Consumer,2024-02-15
C00865,Customer 0865,31.0,Kisumu,Consumer,2025-09-09
C00866,Customer 0866,26.0,Nakuru,Business,2024-09-18
C00867,Customer 0867,63.0,Mombasa,Business,2024-06-24
C00868,Customer 0868,18.0,Nakuru,Wholesale,2024-06-14
C00869,Customer 0869,68.0,Eldoret,Wholesale,2025-10-18
C00870,Customer 0870,62.0,Mombasa,Business,2025-01-04
C00871,Customer 0871,30.0,Kisumu,Consumer,2024-02-23
C00872,Customer 0872,21.0,Kisumu,Consumer,2025-11-20
C00873,Customer 0873,18.0,Mombasa,Consumer,2025-02-22
C00874,Customer 0874,66.0,Nairobi,Consumer,2025-05-21
C00875,Customer 0875,57.0,Mombasa,Consumer,2024-12-06
C00876,Customer 0876,49.0,Eldoret,Wholesale,2024-05-06
C00877,Customer 0877,51.0,Nairobi,Business,2025-02-12
C00878,Customer 0878,45.0,Kisumu,Wholesale,2025-01-01
C00879,Customer 0879,48.0,Mombasa,Consumer,2024-09-27
C00880,Customer 0880,25.0,Nakuru,Consumer,2025-10-05
C00881,Customer 0881,56.0,Nakuru,Consumer,2025-08-27
C00882,Customer 0882,43.0,Eldoret,Consumer,2025-01-13
C00883,Customer 0883,51.0,Nakuru,Business,2024-03-13
C00884,Customer 0884,20.0,Mombasa,Consumer,2024-09-04
C00885,Customer 0885,67.0,Mombasa,Business,2024-02-12
C00886,Customer 0886,29.0,Nakuru,Consumer,2025-01-11
C00887,Customer 0887,18.0,Mombasa,Business,2024-02-10
C00888,Customer 0888,61.0,Eldoret,Wholesale,2024-06-18
C00889,Customer 0889,22.0,Nairobi,Consumer,2024-07-30
C00890,Customer 0890,47.0,Eldoret,Business,2025-05-07
C00891,Customer 0891,47.0,Eldoret,Wholesale,2025-11-10
C00892,Customer 0892,34.0,Mombasa,Consumer,2024-02-08
C00893,Customer 0893,65.0,Nairobi,Consumer,2025-01-03
C00894,Customer 0894,64.0,Mombasa,Consumer,2024-05-30
C00895,Customer 0895,40.0,Kisumu,Business,2024-04-20
C00896,Customer 0896,32.0,Mombasa,Business,2025-04-24
C00897,Customer 0897,54.0,Mombasa,Wholesale,2025-03-11
C00898,Customer 0898,38.0,Mombasa,Business,2024-02-16
C00899,Customer 0899,31.0,Nairobi,Business,2025-07-28
C00900,Customer 0900,19.0,Mombasa,Consumer,2024-12-31
C00901,Customer 0901,28.0,Nairobi,Consumer,2024-03-09
C00902,Customer 0902,68.0,Nakuru,Consumer,2024-10-25
C00903,Customer 0903,56.0,Kisumu,Consumer,2024-10-22
C00904,Customer 0904,55.0,Nairobi,Consumer,2024-07-21
C00905,Customer 0905,51.0,Nakuru,Consumer,2024-03-01
C00906,Customer 0906,55.0,Nairobi,Consumer,2024-11-09
C00907,Customer 0907,67.0,Nairobi,Wholesale,2024-06-09
C00908,Customer 0908,51.0,Kisumu,Wholesale,2024-11-26
C00909,Customer 0909,35.0,Eldoret,Wholesale,2025-06-11
C00910,Customer 0910,47.0,Eldoret,Wholesale,2024-12-03
C00911,Customer 0911,32.0,Nairobi,Consumer,2025-08-28
C00912,Customer 0912,44.0,Mombasa,Wholesale,2024-10-30
C00913,Customer 0913,68.0,Nakuru,Consumer,2025-05-17
C00914,Customer 0914,51.0,Mombasa,Wholesale,2025-10-11
C00915,Customer 0915,69.0,Mombasa,Business,2024-12-03
C00916,Customer 0916,55.0,Nairobi,Wholesale,2025-07-03
C00917,Customer 0917,50.0,Nairobi,Wholesale,2025-09-30
C00918,Customer 0918,41.0,Nairobi,Consumer,2024-10-01
C00919,Customer 0919,32.0,Nairobi,Wholesale,2024-06-12
C00920,Customer 0920,47.0,Eldoret,Business,2025-03-18
C00921,Customer 0921,59.0,Nairobi,Consumer,2024-11-14
C00922,Customer 0922,68.0,Eldoret,Consumer,2025-08-11
C00923,Customer 0923,34.0,Eldoret,Wholesale,2025-05-18
C00924,Customer 0924,22.0,Nairobi,Consumer,2025-11-16
C00925,Customer 0925,46.0,Kisumu,Consumer,2025-01-21
C00926,Customer 0926,21.0,Nakuru,Consumer,2025-08-25
C00927,Customer 0927,27.0,Mombasa,Consumer,2025-11-21
C00928,Customer 0928,34.0,Eldoret,Consumer,2025-05-08
C00929,Customer 0929,27.0,Nakuru,Consumer,2025-05-04
C00930,Customer 0930,34.0,Kisumu,Business,2025-12-21
C00931,Customer 0931,37.0,Mombasa,Wholesale,2024-03-13
C00932,Customer 0932,41.0,Mombasa,Business,2025-05-23
C00933,Customer 0933,22.0,Eldoret,Consumer,2025-01-24
C00934,Customer 0934,51.0,Nairobi,Consumer,2025-09-10
C00935,Customer 0935,23.0,Kisumu,Wholesale,2024-10-21
C00936,Customer 0936,70.0,Eldoret,Business,2025-01-03
C00937,Customer 0937,19.0,Kisumu,Wholesale,2025-11-24
C00938,Customer 0938,30.0,Nairobi,Business,2025-07-02
C00939,Customer 0939,60.0,Nairobi,Consumer,2025-10-10
C00940,Customer 0940,60.0,Eldoret,Wholesale,2025-07-21
C00941,Customer 0941,65.0,Nairobi,Wholesale,2024-07-05
C00942,Customer 0942,28.0,Nakuru,Consumer,2025-03-20
C00943,Customer 0943,68.0,Mombasa,Wholesale,2025-07-23
C00944,Customer 0944,64.0,Eldoret,Business,2024-12-28
C00945,Customer 0945,40.0,Kisumu,Business,2024-05-02
C00946,Customer 0946,33.0,Nakuru,Business,2024-07-06
C00947,Customer 0947,48.0,Eldoret,Business,2025-11-10
C00948,Customer 0948,28.0,Nairobi,Consumer,2025-02-23
C00949,Customer 0949,33.0,Nairobi,Wholesale,2025-09-17
C00950,Customer 0950,25.0,Nairobi,Business,2024-09-08
C00951,Customer 0951,21.0,Nairobi,Consumer,2025-09-10
C00952,Customer 0952,57.0,Kisumu,Wholesale,2025-07-02
C00953,Customer 0953,21.0,Nakuru,Wholesale,2024-11-30
C00954,Customer 0954,42.0,Mombasa,Consumer,2024-04-01
C00955,Customer 0955,20.0,Kisumu,Consumer,2025-06-13
C00956,Customer 0956,49.0,Kisumu,Business,2024-03-03
C00957,Customer 0957,20.0,Mombasa,Wholesale,2025-10-23
C00958,Customer 0958,44.0,Mombasa,Wholesale,2025-05-26
C00959,Customer 0959,46.0,Nairobi,Consumer,2024-05-18
C00960,Customer 0960,49.0,Kisumu,Wholesale,2025-11-28
C00961,Customer 0961,67.0,Eldoret,Business,2024-07-03
C00962,Customer 0962,68.0,Mombasa,Wholesale,2024-07-23
C00963,Customer 0963,36.0,Mombasa,Consumer,2024-08-01
C00964,Customer 0964,38.0,Nakuru,Consumer,2024-09-12
C00965,Customer 0965,22.0,Eldoret,Business,2024-05-14
C00966,Customer 0966,35.0,Eldoret,Business,2025-07-26
C00967,Customer 0967,45.0,Mombasa,Wholesale,2024-03-28
C00968,Customer 0968,59.0,Nairobi,Wholesale,2024-07-25
C00969,Customer 0969,39.0,Nakuru,Consumer,2024-05-08
C00970,Customer 0970,38.0,Eldoret,Business,2024-01-03
C00971,Customer 0971,23.0,Mombasa,Business,2024-04-30
C00972,Customer 0972,18.0,Eldoret,Business,2025-01-19
C00973,Customer 0973,22.0,Nakuru,Wholesale,2025-09-05
C00974,Customer 0974,58.0,Nakuru,Business,2024-02-07
C00975,Customer 0975,29.0,Kisumu,Consumer,2024-12-06
C00976,Customer 0976,43.0,Mombasa,Consumer,2025-10-06
C00977,Customer 0977,63.0,Nakuru,Wholesale,2025-12-14
C00978,Customer 0978,51.0,Kisumu,Wholesale,2024-01-21
C00979,Customer 0979,66.0,Kisumu,Business,2024-08-29
C00980,Customer 0980,31.0,Eldoret,Wholesale,2025-03-30
C00981,Customer 0981,43.0,Eldoret,Consumer,2025-09-12
C00982,Customer 0982,62.0,Kisumu,Business,2024-10-29
C00983,Customer 0983,44.0,Eldoret,Consumer,2025-08-18
C00984,Customer 0984,26.0,Nakuru,Business,2025-08-17
C00985,Customer 0985,43.0,Nairobi,Wholesale,2024-03-09
C00986,Customer 0986,64.0,Nakuru,Business,2024-05-08
C00987,Customer 0987,39.0,Kisumu,Business,2024-07-14
C00988,Customer 0988,64.0,Kisumu,Consumer,2024-05-19
C00989,Customer 0989,47.0,Nakuru,Consumer,2025-03-19
C00990,Customer 0990,60.0,Eldoret,Business,2024-10-09
C00991,Customer 0991,65.0,Eldoret,Wholesale,2024-11-07
C00992,Customer 0992,34.0,Kisumu,Wholesale,2025-06-18
C00993,Customer 0993,43.0,Mombasa,Consumer,2025-10-26
C00994,Customer 0994,53.0,Eldoret,Wholesale,2024-10-03
C00995,Customer 0995,18.0,Nakuru,Consumer,2024-03-01
C00996,Customer 0996,25.0,Eldoret,Wholesale,2024-11-14
C00997,Customer 0997,66.0,Nakuru,Business,2024-02-21
C00998,Customer 0998,52.0,Kisumu,Consumer,2024-06-01
C00999,Customer 0999,69.0,Eldoret,Consumer,2024-11-06
C01000,Customer 1000,32.0,Nakuru,Business,2025-06-27
C01001,Customer 1001,64.0,Kisumu,Consumer,2025-07-20
C01002,Customer 1002,39.0,Mombasa,Wholesale,2025-01-23
C01003,Customer 1003,31.0,Nakuru,Wholesale,2025-07-01
C01004,Customer 1004,43.0,Mombasa,Consumer,2025-09-13
C01005,Customer 1005,45.0,Mombasa,Wholesale,2024-06-25
C01006,Customer 1006,40.0,Nairobi,Consumer,2024-12-27
C01007,Customer 1007,31.0,Eldoret,Business,2024-11-09
C01008,Customer 1008,41.0,Nakuru,Consumer,2024-04-06
C01009,Customer 1009,19.0,Mombasa,Business,2024-07-31
C01010,Customer 1010,62.0,Nairobi,Wholesale,2024-05-16
C01011,Customer 1011,43.0,Kisumu,Business,2024-01-06
C01012,Customer 1012,31.0,Nakuru,Wholesale,2024-04-18
C01013,Customer 1013,68.0,Mombasa,Consumer,2025-06-30
C01014,Customer 1014,24.0,Eldoret,Wholesale,2024-02-08
C01015,Customer 1015,20.0,Nairobi,Consumer,2025-10-23
C01016,Customer 1016,64.0,Mombasa,Consumer,2025-02-28
C01017,Customer 1017,40.0,Eldoret,Business,2025-09-21
C01018,Customer 1018,63.0,Mombasa,Business,2024-09-17
C01019,Customer 1019,60.0,Nakuru,Business,2025-03-01
C01020,Customer 1020,64.0,Nakuru,Business,2024-03-27
C01021,Customer 1021,62.0,Nakuru,Wholesale,2025-04-09
C01022,Customer 1022,35.0,Nairobi,Wholesale,2024-03-16
C01023,Customer 1023,55.0,Nakuru,Wholesale,2025-04-15
C01024,Customer 1024,52.0,Eldoret,Consumer,2025-02-17
C01025,Customer 1025,68.0,Mombasa,Wholesale,2025-12-26
C01026,Customer 1026,32.0,Kisumu,Wholesale,2025-04-01
C01027,Customer 1027,42.0,Eldoret,Wholesale,2024-10-11
C01028,Customer 1028,54.0,Eldoret,Business,2024-08-26
C01029,Customer 1029,45.0,Nakuru,Wholesale,2025-11-07
C01030,Customer 1030,27.0,Nairobi,Consumer,2025-08-21
C01031,Customer 1031,56.0,Mombasa,Business,2025-10-14
C01032,Customer 1032,34.0,Nairobi,Consumer,2025-11-02
C01033,Customer 1033,56.0,Mombasa,Wholesale,2025-07-11
C01034,Customer 1034,39.0,Mombasa,Business,2025-01-06
C01035,Customer 1035,43.0,Nairobi,Consumer,2025-05-09
C01036,Customer 1036,61.0,Eldoret,Wholesale,2025-09-15
C01037,Customer 1037,42.0,Mombasa,Consumer,2024-02-14
C01038,Customer 1038,34.0,Nairobi,Consumer,2025-02-04
C01039,Customer 1039,30.0,Mombasa,Consumer,2024-09-03
C01040,Customer 1040,37.0,Kisumu,Wholesale,2025-09-07
C01041,Customer 1041,42.0,Eldoret,Wholesale,2025-08-19
C01042,Customer 1042,21.0,Nakuru,Consumer,2025-03-25
C01043,Customer 1043,27.0,Mombasa,Business,2025-04-29
C01044,Customer 1044,20.0,Kisumu,Business,2025-10-07
C01045,Customer 1045,58.0,Nakuru,Wholesale,2025-09-11
C01046,Customer 1046,62.0,Nakuru,Wholesale,2024-01-18
C01047,Customer 1047,35.0,Mombasa,Wholesale,2025-08-28
C01048,Customer 1048,64.0,Nairobi,Wholesale,2025-10-23
C01049,Customer 1049,53.0,Mombasa,Wholesale,2024-10-15
C01050,Customer 1050,64.0,Kisumu,Business,2025-02-17
C01051,Customer 1051,39.0,Nakuru,Wholesale,2025-12-21
C01052,Customer 1052,51.0,Mombasa,Consumer,2025-09-29
C01053,Customer 1053,64.0,Nairobi,Consumer,2024-08-22
C01054,Customer 1054,25.0,Mombasa,Business,2025-02-19
C01055,Customer 1055,57.0,Eldoret,Consumer,2025-05-13
C01056,Customer 1056,66.0,Nairobi,Business,2025-09-25
C01057,Customer 1057,61.0,Kisumu,Business,2025-10-11
C01058,Customer 1058,36.0,Nakuru,Consumer,2024-04-24
C01059,Customer 1059,59.0,Mombasa,Wholesale,2025-11-04
C01060,Customer 1060,58.0,Nairobi,Consumer,2025-12-13
C01061,Customer 1061,54.0,Eldoret,Consumer,2024-08-21
C01062,Customer 1062,23.0,Nairobi,Business,2025-06-23
C01063,Customer 1063,69.0,Eldoret,Consumer,2024-01-11
C01064,Customer 1064,43.0,Kisumu,Business,2024-07-24
C01065,Customer 1065,51.0,Nakuru,Wholesale,2025-11-09
C01066,Customer 1066,62.0,Kisumu,Wholesale,2024-09-03
C01067,Customer 1067,23.0,Mombasa,Wholesale,2025-07-12
C01068,Customer 1068,54.0,Nairobi,Consumer,2024-05-06
C01069,Customer 1069,50.0,Eldoret,Business,2024-05-26
C01070,Customer 1070,70.0,Eldoret,Wholesale,2024-04-27
C01071,Customer 1071,39.0,Nairobi,Business,2025-01-16
C01072,Customer 1072,38.0,Nairobi,Business,2025-02-15
C01073,Customer 1073,23.0,Mombasa,Wholesale,2025-10-25
C01074,Customer 1074,23.0,Kisumu,Wholesale,2025-08-06
C01075,Customer 1075,65.0,Eldoret,Business,2024-12-28
C01076,Customer 1076,21.0,Mombasa,Wholesale,2025-05-23
C01077,Customer 1077,47.0,Kisumu,Business,2024-05-16
C01078,Customer 1078,28.0,Mombasa,Business,2024-06-23
C01079,Customer 1079,47.0,Eldoret,Wholesale,2024-10-15
C01080,Customer 1080,48.0,Nairobi,Consumer,2025-04-25
C01081,Customer 1081,41.0,Nairobi,Wholesale,2024-01-19
C01082,Customer 1082,26.0,Kisumu,Consumer,2024-07-13
C01083,Customer 1083,20.0,Nakuru,Business,2024-11-25
C01084,Customer 1084,68.0,Kisumu,Business,2024-06-23
C01085,Customer 1085,48.0,Nakuru,Consumer,2025-03-24
C01086,Customer 1086,57.0,Mombasa,Business,2024-12-19
C01087,Customer 1087,54.0,Mombasa,Consumer,2025-05-13
C01088,Customer 1088,53.0,Eldoret,Consumer,2024-05-20
C01089,Customer 1089,41.0,Nakuru,Business,2024-04-02
C01090,Customer 1090,48.0,Eldoret,Consumer,2024-08-26
C01091,Customer 1091,23.0,Nairobi,Wholesale,2024-07-23
C01092,Customer 1092,19.0,Nakuru,Wholesale,2025-07-13
C01093,Customer 1093,37.0,Kisumu,Business,2025-03-08
C01094,Customer 1094,45.0,Nairobi,Business,2024-09-01
C01095,Customer 1095,28.0,Nairobi,Consumer,2024-11-12
C01096,Customer 1096,21.0,Kisumu,Consumer,2024-10-21
C01097,Customer 1097,32.0,Nairobi,Consumer,2025-10-01
C01098,Customer 1098,23.0,Nakuru,Consumer,2024-10-08
C01099,Customer 1099,66.0,Eldoret,Wholesale,2024-01-17
C01100,Customer 1100,47.0,Nairobi,Wholesale,2024-03-11
C01101,Customer 1101,55.0,Nakuru,Business,2024-09-25
C01102,Customer 1102,68.0,Mombasa,Consumer,2024-11-20
C01103,Customer 1103,19.0,Nakuru,Consumer,2024-10-31
C01104,Customer 1104,32.0,Eldoret,Business,2025-03-26
C01105,Customer 1105,28.0,Nakuru,Consumer,2024-01-07
C01106,Customer 1106,25.0,Kisumu,Consumer,2024-11-09
C01107,Customer 1107,43.0,Eldoret,Consumer,2024-04-12
C01108,Customer 1108,68.0,Mombasa,Consumer,2024-07-11
C01109,Customer 1109,62.0,Kisumu,Consumer,2025-07-27
C01110,Customer 1110,61.0,Nakuru,Business,2025-06-12
C01111,Customer 1111,22.0,Eldoret,Consumer,2024-06-19
C01112,Customer 1112,23.0,Mombasa,Business,2025-06-20
C01113,Customer 1113,43.0,Kisumu,Consumer,2024-09-07
C01114,Customer 1114,21.0,Mombasa,Wholesale,2025-01-21
C01115,Customer 1115,36.0,Nakuru,Wholesale,2024-07-25
C01116,Customer 1116,37.0,Mombasa,Wholesale,2025-06-24
C01117,Customer 1117,50.0,Nairobi,Wholesale,2025-09-20
C01118,Customer 1118,37.0,Kisumu,Business,2025-02-19
C01119,Customer 1119,66.0,Mombasa,Business,2025-01-14
C01120,Customer 1120,29.0,Nakuru,Consumer,2024-05-23
C01121,Customer 1121,64.0,Nakuru,Wholesale,2024-01-25
C01122,Customer 1122,18.0,Mombasa,Business,2025-10-29
C01123,Customer 1123,43.0,Nakuru,Consumer,2024-03-13
C01124,Customer 1124,31.0,Eldoret,Consumer,2025-09-23
C01125,Customer 1125,55.0,Eldoret,Business,2024-04-02
C01126,Customer 1126,54.0,Eldoret,Wholesale,2025-05-19
C01127,Customer 1127,28.0,Nairobi,Consumer,2025-08-20
C01128,Customer 1128,53.0,Mombasa,Wholesale,2024-12-01
C01129,Customer 1129,30.0,Nairobi,Wholesale,2025-02-28
C01130,Customer 1130,60.0,Nakuru,Wholesale,2025-05-13
C01131,Customer 1131,20.0,Nairobi,Consumer,2024-12-29
C01132,Customer 1132,50.0,Nakuru,Wholesale,2025-09-21
C01133,Customer 1133,23.0,Nakuru,Consumer,2024-07-17
C01134,Customer 1134,67.0,Kisumu,Wholesale,2025-12-18
C01135,Customer 1135,27.0,Eldoret,Consumer,2025-02-16
C01136,Customer 1136,22.0,Nakuru,Wholesale,2024-12-04
C01137,Customer 1137,40.0,Kisumu,Business,2025-10-20
C01138,Customer 1138,27.0,Eldoret,Wholesale,2025-03-04
C01139,Customer 1139,61.0,Nakuru,Wholesale,2024-05-18
C01140,Customer 1140,19.0,Nakuru,Consumer,2025-11-23
C01141,Customer 1141,30.0,Nairobi,Consumer,2025-06-25
C01142,Customer 1142,57.0,Nairobi,Wholesale,2024-02-26
C01143,Customer 1143,19.0,Eldoret,Business,2024-08-19
C01144,Customer 1144,37.0,Nakuru,Business,2025-10-19
C01145,Customer 1145,18.0,Mombasa,Consumer,2025-03-10
C01146,Customer 1146,54.0,Nairobi,Business,2025-01-18
C01147,Customer 1147,26.0,Eldoret,Wholesale,2025-07-13
C01148,Customer 1148,34.0,Nakuru,Consumer,2024-07-12
C01149,Customer 1149,26.0,Nakuru,Wholesale,2025-10-09
C01150,Customer 1150,28.0,Mombasa,Consumer,2025-06-17
C01151,Customer 1151,32.0,Eldoret,Consumer,2025-06-01
C01152,Customer 1152,41.0,Nakuru,Consumer,2025-12-16
C01153,Customer 1153,55.0,Nairobi,Consumer,2024-07-03
C01154,Customer 1154,52.0,Mombasa,Business,2024-10-18
C01155,Customer 1155,47.0,Eldoret,Wholesale,2024-11-30
C01156,Customer 1156,48.0,Mombasa,Wholesale,2024-04-25
C01157,Customer 1157,66.0,Nairobi,Wholesale,2024-02-18
C01158,Customer 1158,22.0,Eldoret,Consumer,2025-11-15
C01159,Customer 1159,61.0,Mombasa,Business,2024-03-22
C01160,Customer 1160,67.0,Kisumu,Wholesale,2024-11-28
C01161,Customer 1161,31.0,Nairobi,Business,2025-07-10
C01162,Customer 1162,70.0,Nairobi,Consumer,2024-11-30
C01163,Customer 1163,28.0,Nairobi,Wholesale,2025-06-15
C01164,Customer 1164,26.0,Kisumu,Business,2024-08-08
C01165,Customer 1165,51.0,Kisumu,Consumer,2025-09-26
C01166,Customer 1166,29.0,Nakuru,Business,2024-11-18
C01167,Customer 1167,52.0,Mombasa,Wholesale,2024-01-03
C01168,Customer 1168,52.0,Nakuru,Wholesale,2025-11-24
C01169,Customer 1169,18.0,Mombasa,Consumer,2024-07-24
C01170,Customer 1170,57.0,Kisumu,Consumer,2024-02-09
C01171,Customer 1171,39.0,Kisumu,Consumer,2024-02-28
C01172,Customer 1172,46.0,Nakuru,Business,2025-07-27
C01173,Customer 1173,25.0,Eldoret,Business,2025-10-05
C01174,Customer 1174,28.0,Nakuru,Business,2025-05-21
C01175,Customer 1175,58.0,Mombasa,Consumer,2025-07-25
C01176,Customer 1176,54.0,Nakuru,Wholesale,2024-05-01
C01177,Customer 1177,31.0,Nairobi,Wholesale,2025-04-23
C01178,Customer 1178,47.0,Mombasa,Business,2025-09-10
C01179,Customer 1179,52.0,Mombasa,Business,2024-04-05
C01180,Customer 1180,38.0,Eldoret,Wholesale,2025-02-17
C01181,Customer 1181,54.0,Kisumu,Wholesale,2024-08-22
C01182,Customer 1182,22.0,Mombasa,Business,2024-03-02
C01183,Customer 1183,36.0,Kisumu,Business,2024-09-12
C01184,Customer 1184,31.0,Nakuru,Wholesale,2025-07-14
C01185,Customer 1185,43.0,Nairobi,Consumer,2024-12-13
C01186,Customer 1186,21.0,Eldoret,Business,2025-11-01
C01187,Customer 1187,42.0,Kisumu,Wholesale,2024-05-03
C01188,Customer 1188,62.0,Mombasa,Wholesale,2025-04-26
C01189,Customer 1189,59.0,Kisumu,Wholesale,2024-11-12
C01190,Customer 1190,42.0,Mombasa,Wholesale,2025-05-18
C01191,Customer 1191,35.0,Kisumu,Consumer,2025-12-19
C01192,Customer 1192,57.0,Mombasa,Wholesale,2024-02-17
C01193,Customer 1193,25.0,Nakuru,Business,2025-02-12
C01194,Customer 1194,56.0,Mombasa,Consumer,2024-05-15
C01195,Customer 1195,57.0,Mombasa,Wholesale,2024-07-19
C01196,Customer 1196,31.0,Nairobi,Consumer,2024-09-06
C01197,Customer 1197,49.0,Mombasa,Business,2024-11-09
C01198,Customer 1198,68.0,Nairobi,Wholesale,2025-01-02
C01199,Customer 1199,55.0,Eldoret,Business,2025-03-04
C01200,Customer 1200,50.0,Nairobi,Wholesale,2025-04-24
C00101,Customer 0101,62.0,Mombasa,Business,2024-08-02
C00251,Customer 0251,28.0,Nairobi,Wholesale,2024-02-18
